"работа курьер на неполный день","на неполный день","Курьер","NaN","NaN"
"вакансии помощник на дому","на дому","Помощник","NaN","NaN"
"работа вахтер вахта с проживанием","Вахта","Вахтер","NaN","с проживанием"
"модератор подработка для студентов","Подработка","Модератор","для студентов","NaN"
"вакансии грузчик для мужчин","NaN","Грузчик","для мужчин","NaN"
"работа кладовщик ночная с ежедневной оплатой","Ночная","Кладовщик","NaN","с ежедневной оплатой"
"уборщик горничная с проживанием","NaN","Уборщик, горничная","NaN","с проживанием"
"вакансии врач на неполный день для женщин","на неполный день","Врач","для женщин","NaN"
"специалист ахо подработка","Подработка","Специалист АХО","NaN","NaN"
"работа юрист на дому для пенсионеров","на дому","Юрист","для пенсионеров","NaN"
"медсестра медбрат вахта для женщин","Вахта","Медсестра, медбрат","для женщин","NaN"
"сварщик по выходным для мужчин","по выходным","Сварщик","для мужчин","NaN"
"инженер на неполный день для инвалидов","на неполный день","Инженер","для инвалидов","NaN"
"работа слесарь с ежедневной оплатой","NaN","Слесарь","NaN","с ежедневной оплатой"
"тренер подработка для студентов","Подработка","Тренер","для студентов","NaN"
"дизайнер удаленная работа","Удаленная","Дизайнер","NaN","NaN"
"охранник ночная с проживанием","Ночная","Охранник","NaN","с проживанием"
"монтажник вахта для мужчин","Вахта","Монтажник","для мужчин","NaN"
"вакансии администратор на неполный день","на неполный день","Администратор","NaN","NaN"
"работа рабочий по выходным с ежедневной оплатой","по выходным","Рабочий","NaN","с ежедневной оплатой"
"машинист на неполный день для инвалидов","на неполный день","Машинист","для инвалидов","NaN"
"руководитель начальник на дому","на дому","Руководитель, начальник","NaN","NaN"
"пивовар вахта для мужчин с проживанием","Вахта","Пивовар","для мужчин","с проживанием"
"продавец подработка для женщин","Подработка","Продавец","для женщин","NaN"
"менеджер на неполный день с ежедневной оплатой","на неполный день","Менеджер","NaN","с ежедневной оплатой"
"преподаватель на дому для студентов","на дому","Преподаватель","для студентов","NaN"
"массажист для мужчин","NaN","Массажист","для мужчин","NaN"
"няня по выходным для женщин","по выходным","Няня","для женщин","NaN"
"инструктор вахта для пенсионеров","Вахта","Инструктор","для пенсионеров","NaN"
"электрик ночная для инвалидов","Ночная","Электрик","для инвалидов","NaN"
"учитель на неполный день для студентов","на неполный день","Учитель","для студентов","NaN"
"швея на дому с ежедневной оплатой","на дому","Швея","NaN","с ежедневной оплатой"
"сборщик с проживанием для женщин","NaN","Сборщик","для женщин","с проживанием"
"парикмахер на неполный день для пенсионеров","на неполный день","Парикмахер","для пенсионеров","NaN"
"кухонный работник для мужчин с проживанием","NaN","Кухонный работник","для мужчин","с проживанием"
"маляр подработка для инвалидов","Подработка","Маляр","для инвалидов","NaN"
"сторож вахта для женщин с проживанием","Вахта","Сторож","для женщин","с проживанием"
"зоотехник ночная для студентов","Ночная","Зоотехник","для студентов","NaN"
"электромонтер на неполный день с ежедневной оплатой","на неполный день","Электромонтер","NaN","с ежедневной оплатой"
"логист удаленная работа для женщин","Удаленная","Логист","для женщин","NaN"
"бортпроводник вахта с проживанием","Вахта","Бортпроводник","NaN","с проживанием"
"комплектовщик подработка для пенсионеров","Подработка","Комплектовщик","для пенсионеров","NaN"
"переводчик по выходным с ежедневной оплатой","по выходным","Переводчик","NaN","с ежедневной оплатой"
"токарь ночная для инвалидов","Ночная","Токарь","для инвалидов","NaN"
"домработница домработник на дому с проживанием","на дому","Домработница, домработник","NaN","с проживанием"
"копирайтер удаленная работа для студентов","Удаленная","Копирайтер","для студентов","NaN"
"механик вахта для мужчин с проживанием","Вахта","Механик","для мужчин","с проживанием"
"установщик подработка для инвалидов","Подработка","Установщик","для инвалидов","NaN"
"программист на неполный день для женщин","на неполный день","Программист","для женщин","NaN"
"фотограф с ежедневной оплатой для студентов","NaN","Фотограф","для студентов","с ежедневной оплатой"
"дворник по выходным с проживанием","по выходным","Дворник","NaN","с проживанием"
"сиделка на неполный день для женщин","на неполный день","Сиделка","для женщин","NaN"
"психолог на дому для студентов","на дому","Психолог","для студентов","NaN"
"плотник по выходным для мужчин","по выходным","Плотник","для мужчин","NaN"
"диспетчер ночная для пенсионеров","Ночная","Диспетчер","для пенсионеров","NaN"
"косметолог подработка с ежедневной оплатой","Подработка","Косметолог","NaN","с ежедневной оплатой"
"матрос вахта для студентов","Вахта","Матрос","для студентов","NaN"
"смотритель с проживанием для инвалидов","NaN","Смотритель","для инвалидов","с проживанием"
"штукатур на неполный день для мужчин","на неполный день","Штукатур","для мужчин","NaN"
"ассистент подработка для женщин","Подработка","Ассистент","для женщин","NaN"
"директор удаленная работа для студентов","Удаленная","Директор","для студентов","NaN"
"отделочник по выходным с ежедневной оплатой","по выходным","Отделочник","NaN","с ежедневной оплатой"
"автоэлектрик на неполный день для мужчин","на неполный день","Автоэлектрик","для мужчин","NaN"
"педагог вахта для женщин","Вахта","Педагог","для женщин","NaN"
"модель подработка для студентов","Подработка","Модель","для студентов","NaN"
"проектировщик ночная для инвалидов","Ночная","Проектировщик","для инвалидов","NaN"
"оценщик на неполный день для пенсионеров","на неполный день","Оценщик","для пенсионеров","NaN"
"технолог по выходным для мужчин","по выходным","Технолог","для мужчин","NaN"
"сметчик удаленная работа с проживанием","Удаленная","Сметчик","NaN","с проживанием"
"плиточник ночная для женщин","Ночная","Плиточник","для женщин","NaN"
"репетитор по выходным для студентов","по выходным","Репетитор","для студентов","NaN"
"столяр вахта с проживанием","Вахта","Столяр","NaN","с проживанием"
"мойщик на неполный день для женщин","на неполный день","Мойщик","для женщин","NaN"
"рыбообработчик на дому для пенсионеров","на дому","Рыбообработчик","для пенсионеров","NaN"
"художник подработка с ежедневной оплатой","Подработка","Художник","NaN","с ежедневной оплатой"
"изолировщик на неполный день для мужчин","на неполный день","Изолировщик","для мужчин","NaN"
"маркетолог вахта для женщин","Вахта","Маркетолог","для женщин","NaN"
"вожатый на дому для студентов","на дому","Вожатый","для студентов","NaN"
"фельдшер по выходным для пенсионеров","по выходным","Фельдшер","для пенсионеров","NaN"
"фасовщик удаленная работа для инвалидов","Удаленная","Фасовщик","для инвалидов","NaN"
"артист вахта для мужчин","Вахта","Артист","для мужчин","NaN"
"моторист на неполный день для женщин","на неполный день","Моторист","для женщин","NaN"
"садовник с проживанием для студентов","NaN","Садовник","для студентов","с проживанием"
"бригадир на дому для пенсионеров","на дому","Бригадир","для пенсионеров","NaN"
"электромеханик по выходным для инвалидов","по выходным","Электромеханик","для инвалидов","NaN"
"аудитор ночная с ежедневной оплатой","Ночная","Аудитор","NaN","с ежедневной оплатой"
"санитар на неполный день для женщин","на неполный день","Санитар","для женщин","NaN"
"визажист вахта с проживанием","Вахта","Визажист","NaN","с проживанием"
"геодезист подработка для мужчин","Подработка","Геодезист","для мужчин","NaN"
"полицейский на дому для инвалидов","на дому","Полицейский","для инвалидов","NaN"
"инспектор по выходным для студентов","по выходным","Инспектор","для студентов","NaN"
"пожарный на неполный день для женщин","на неполный день","Пожарный","для женщин","NaN"
"аналитик с проживанием для пенсионеров","NaN","Аналитик","для пенсионеров","с проживанием"
работа няня на неполный день, на неполный день, Няня, NaN, NaN
инструктор подработка для студентов, Подработка, Инструктор, для студентов, NaN
электрик на дому для мужчин, на дому, Электрик, для мужчин, NaN
работа учителем по выходным, по выходным, Учитель, NaN, NaN
швея на неполный день для женщин, на неполный день, Швея, для женщин, NaN
сборщик на дому для инвалидов, на дому, Сборщик, для инвалидов, NaN
парикмахер вахта с проживанием, Вахта, Парикмахер, NaN, с проживанием
кухонный работник ночная для женщин, Ночная, Кухонный работник, для женщин, NaN
маляр подработка с ежедневной оплатой, Подработка, Маляр, NaN, с ежедневной оплатой
сторож на неполный день, на неполный день, Сторож, NaN, NaN
зоотехник вахта, Вахта, Зоотехник, NaN, NaN
электромонтер на дому, на дому, Электромонтер, NaN, NaN
логист ночная для студентов, Ночная, Логист, для студентов, NaN
бортпроводник подработка для женщин, Подработка, Бортпроводник, для женщин, NaN
комплектовщик на неполный день для пенсионеров, на неполный день, Комплектовщик, для пенсионеров, NaN
переводчик по выходным, по выходным, Переводчик, NaN, NaN
токарь на неполный день с проживанием, на неполный день, Токарь, NaN, с проживанием
домработница, домработник подработка, Подработка, Домработница, NaN, NaN
копирайтер удаленная, Удаленная, Копирайтер, NaN, NaN
механик на неполный день, на неполный день, Механик, NaN, NaN
установщик ночная, Ночная, Установщик, NaN, NaN
программист на дому для инвалидов, на дому, Программист, для инвалидов, NaN
фотограф по выходным с проживанием, по выходным, Фотограф, NaN, с проживанием
дворник на неполный день для женщин, на неполный день, Дворник, для женщин, NaN
сиделка на дому с ежедневной оплатой, на дому, Сиделка, NaN, с ежедневной оплатой
психолог подработка для мужчин, Подработка, Психолог, для мужчин, NaN
плотник вахта с проживанием, Вахта, Плотник, NaN, с проживанием
работа няня на дому, на дому, Няня, NaN, NaN
инструктор на неполный день для студентов, на неполный день, Инструктор, для студентов, NaN
электрик на неполный день для пенсионеров, на неполный день, Электрик, для пенсионеров, NaN
работа учителем на дому для женщин, на дому, Учитель, для женщин, NaN
швея ночная с проживанием, Ночная, Швея, NaN, с проживанием
сборщик на неполный день с ежедневной оплатой, на неполный день, Сборщик, NaN, с ежедневной оплатой
парикмахер подработка для студентов, Подработка, Парикмахер, для студентов, NaN
кухонный работник на неполный день для инвалидов, на неполный день, Кухонный работник, для инвалидов, NaN
маляр на дому с ежедневной оплатой, на дому, Маляр, NaN, с ежедневной оплатой
сторож на неполный день для мужчин, на неполный день, Сторож, для мужчин, NaN
зоотехник вахта для женщин, Вахта, Зоотехник, для женщин, NaN
электромонтер на неполный день с проживанием, на неполный день, Электромонтер, NaN, с проживанием
логист удаленная, Удаленная, Логист, NaN, NaN
бортпроводник на дому для студентов, на дому, Бортпроводник, для студентов, NaN
комплектовщик ночная для мужчин, Ночная, Комплектовщик, для мужчин, NaN
переводчик подработка с ежедневной оплатой, Подработка, Переводчик, NaN, с ежедневной оплатой
токарь на неполный день для женщин, на неполный день, Токарь, для женщин, NaN
домработница, домработник ночная с проживанием, Ночная, Домработница, NaN, с проживанием
копирайтер подработка с ежедневной оплатой, Подработка, Копирайтер, NaN, с ежедневной оплатой
механик по выходным, по выходным, Механик, NaN, NaN
установщик на дому, на дому, Установщик, NaN, NaN
программист подработка для инвалидов, Подработка, Программист, для инвалидов, NaN
фотограф вахта с проживанием, Вахта, Фотограф, NaN, с проживанием
дворник на неполный день с ежедневной оплатой, на неполный день, Дворник, NaN, с ежедневной оплатой
сиделка ночная, Ночная, Сиделка, NaN, NaN
психолог удаленная для студентов, Удаленная, Психолог, для студентов, NaN
плотник на дому для мужчин, на дому, Плотник, для мужчин, NaN
работа няня по выходным, по выходным, Няня, NaN, NaN
инструктор на дому для инвалидов, на дому, Инструктор, для инвалидов, NaN
электрик подработка для женщин, Подработка, Электрик, для женщин, NaN
работа учителем на неполный день для пенсионеров, на неполный день, Учитель, для пенсионеров, NaN
швея вахта, Вахта, Швея, NaN, NaN
сборщик на дому для женщин, на дому, Сборщик, для женщин, NaN
парикмахер по выходным, по выходным, Парикмахер, NaN, NaN
кухонный работник на неполный день для пенсионеров, на неполный день, Кухонный работник, для пенсионеров, NaN
маляр подработка для студентов, Подработка, Маляр, для студентов, NaN
сторож вахта с проживанием, Вахта, Сторож, NaN, с проживанием
зоотехник на дому для мужчин, на дому, Зоотехник, для мужчин, NaN
электромонтер ночная для студентов, Ночная, Электромонтер, для студентов, NaN
логист подработка с ежедневной оплатой, Подработка, Логист, NaN, с ежедневной оплатой
бортпроводник на неполный день, на неполный день, Бортпроводник, NaN, NaN
комплектовщик по выходным, по выходным, Комплектовщик, NaN, NaN
переводчик на дому для инвалидов, на дому, Переводчик, для инвалидов, NaN
токарь подработка для женщин, Подработка, Токарь, для женщин, NaN
домработница, домработник на неполный день для мужчин, на неполный день, Домработница, для мужчин, NaN
копирайтер ночная для пенсионеров, Ночная, Копирайтер, для пенсионеров, NaN
механик на дому для студентов, на дому, Механик, для студентов, NaN
установщик на неполный день с проживанием, на неполный день, Установщик, NaN, с проживанием
программист на дому для женщин, на дому, Программист, для женщин, NaN
фотограф на неполный день, на неполный день, Фотограф, NaN, NaN
дворник подработка для инвалидов, Подработка, Дворник, для инвалидов, NaN
сиделка по выходным для студентов, по выходным, Сиделка, для студентов, NaN
психолог на дому для женщин, на дому, Психолог, для женщин, NaN
плотник на неполный день для женщин, на неполный день, Плотник, для женщин, NaN
работа няня удаленная для студентов, Удаленная, Няня, для студентов, NaN
инструктор на неполный день с ежедневной оплатой, на неполный день, Инструктор, NaN, с ежедневной оплатой
электрик по выходным с проживанием, по выходным, Электрик, NaN, с проживанием
работа учителем ночная для мужчин, Ночная, Учитель, для мужчин, NaN
швея на дому с ежедневной оплатой, на дому, Швея, NaN, с ежедневной оплатой
сборщик вахта с проживанием, Вахта, Сборщик, NaN, с проживанием
парикмахер на неполный день для мужчин, на неполный день, Парикмахер, для мужчин, NaN
кухонный работник подработка для инвалидов, Подработка, Кухонный работник, для инвалидов, NaN
маляр на неполный день для студентов, на неполный день, Маляр, для студентов, NaN
сторож ночная, Ночная, Сторож, NaN, NaN
зоотехник подработка с ежедневной оплатой, Подработка, Зоотехник, NaN, с ежедневной оплатой
электромонтер на неполный день для женщин, на неполный день, Электромонтер, для женщин, NaN
логист по выходным, по выходным, Логист, NaN, NaN
бортпроводник на дому для инвалидов, на дому, Бортпроводник, для инвалидов, NaN
комплектовщик подработка с проживанием, Подработка, Комплектовщик, NaN, с проживанием
переводчик на неполный день для пенсионеров, на неполный день, Переводчик, для пенсионеров, NaN
токарь на дому с ежедневной оплатой, на дому, Токарь, NaN, с ежедневной оплатой
домработница, домработник вахта, Вахта, Домработница, NaN, NaN
копирайтер на неполный день для инвалидов, на неполный день, Копирайтер, для инвалидов, NaN
механик подработка с проживанием, Подработка, Механик, NaN, с проживанием
установщик на неполный день, на неполный день, Установщик, NaN, NaN
программист ночная с проживанием, Ночная, Программист, NaN, с проживанием
фотограф на дому для инвалидов, на дому, Фотограф, для инвалидов, NaN
работа диспетчер на неполный день, на неполный день, Диспетчер, NaN, NaN
косметолог подработка для женщин, Подработка, Косметолог, для женщин, NaN
матрос на дому, на дому, Матрос, NaN, NaN
смотритель вахта, Вахта, Смотритель, NaN, NaN
штукатур на неполный день, на неполный день, Штукатур, NaN, NaN
ассистент подработка для студентов, Подработка, Ассистент, для студентов, NaN
директор на неполный день для мужчин, на неполный день, Директор, для мужчин, NaN
отделочник вахта с проживанием, Вахта, Отделочник, NaN, с проживанием
автоэлектрик ночная для мужчин, Ночная, Автоэлектрик, для мужчин, NaN
педагог на неполный день для женщин, на неполный день, Педагог, для женщин, NaN
модель подработка для студентов, Подработка, Модель, для студентов, NaN
проектировщик на дому, на дому, Проектировщик, NaN, NaN
оценщик ночная, Ночная, Оценщик, NaN, NaN
технолог на неполный день, на неполный день, Технолог, NaN, NaN
сметчик подработка для пенсионеров, Подработка, Сметчик, для пенсионеров, NaN
плиточник на дому с проживанием, на дому, Плиточник, NaN, с проживанием
репетитор вахта, Вахта, Репетитор, NaN, NaN
столяр на неполный день с ежедневной оплатой, на неполный день, Столяр, NaN, с ежедневной оплатой
мойщик подработка для инвалидов, Подработка, Мойщик, для инвалидов, NaN
рыбообработчик на неполный день, на неполный день, Рыбообработчик, NaN, NaN
художник по выходным, по выходным, Художник, NaN, NaN
изолировщик вахта с проживанием, Вахта, Изолировщик, NaN, с проживанием
маркетолог ночная, Ночная, Маркетолог, NaN, NaN
вожатый на дому, на дому, Вожатый, NaN, NaN
фельдшер на неполный день для инвалидов, на неполный день, Фельдшер, для инвалидов, NaN
фасовщик подработка для женщин, Подработка, Фасовщик, для женщин, NaN
артист вахта, Вахта, Артист, NaN, NaN
моторист на неполный день, на неполный день, Моторист, NaN, NaN
садовник подработка для студентов, Подработка, Садовник, для студентов, NaN
бригадир на дому, на дому, Бригадир, NaN, NaN
электромеханик ночная, Ночная, Электромеханик, NaN, NaN
аудитор на неполный день, на неполный день, Аудитор, NaN, NaN
санитар подработка для пенсионеров, Подработка, Санитар, для пенсионеров, NaN
диспетчер подработка для инвалидов, Подработка, Диспетчер, для инвалидов, NaN
косметолог вахта с проживанием, Вахта, Косметолог, NaN, с проживанием
матрос на дому с ежедневной оплатой, на дому, Матрос, NaN, с ежедневной оплатой
смотритель ночная для студентов, Ночная, Смотритель, для студентов, NaN
штукатур на неполный день для мужчин, на неполный день, Штукатур, для мужчин, NaN
ассистент подработка для женщин, Подработка, Ассистент, для женщин, NaN
директор по выходным с проживанием, по выходным, Директор, NaN, с проживанием
отделочник на дому, на дому, Отделочник, NaN, NaN
автоэлектрик ночная с проживанием, Ночная, Автоэлектрик, NaN, с проживанием
педагог на неполный день для инвалидов, на неполный день, Педагог, для инвалидов, NaN
модель подработка с ежедневной оплатой, Подработка, Модель, NaN, с ежедневной оплатой
проектировщик на дому для мужчин, на дому, Проектировщик, для мужчин, NaN
оценщик вахта для женщин, Вахта, Оценщик, для женщин, NaN
технолог на неполный день с проживанием, на неполный день, Технолог, NaN, с проживанием
сметчик подработка для инвалидов, Подработка, Сметчик, для инвалидов, NaN
плиточник на дому, на дому, Плиточник, NaN, NaN
репетитор на неполный день для студентов, на неполный день, Репетитор, для студентов, NaN
столяр на дому для женщин, на дому, Столяр, для женщин, NaN
мойщик по выходным, по выходным, Мойщик, NaN, NaN
рыбообработчик подработка с ежедневной оплатой, Подработка, Рыбообработчик, NaN, с ежедневной оплатой
художник на неполный день для студентов, на неполный день, Художник, для студентов, NaN
изолировщик на дому для женщин, на дому, Изолировщик, для женщин, NaN
маркетолог на неполный день с проживанием, на неполный день, Маркетолог, NaN, с проживанием
вожатый на неполный день, на неполный день, Вожатый, NaN, NaN
фельдшер на неполный день для мужчин, на неполный день, Фельдшер, для мужчин, NaN
фасовщик ночная для женщин, Ночная, Фасовщик, для женщин, NaN
артист подработка, Подработка, Артист, NaN, NaN
моторист вахта, Вахта, Моторист, NaN, NaN
садовник на дому, на дому, Садовник, NaN, NaN
бригадир ночная, Ночная, Бригадир, NaN, NaN
электромеханик на неполный день для инвалидов, на неполный день, Электромеханик, для инвалидов, NaN
аудитор вахта, Вахта, Аудитор, NaN, NaN
санитар на дому, на дому, Санитар, NaN, NaN
диспетчер ночная, Ночная, Диспетчер, NaN, NaN
косметолог подработка для пенсионеров, Подработка, Косметолог, для пенсионеров, NaN
матрос на неполный день, на неполный день, Матрос, NaN, NaN
смотритель на дому для студентов, на дому, Смотритель, для студентов, NaN
штукатур на дому для инвалидов, на дому, Штукатур, для инвалидов, NaN
ассистент ночная для женщин, Ночная, Ассистент, для женщин, NaN
директор вахта с проживанием, Вахта, Директор, NaN, с проживанием
отделочник на неполный день для женщин, на неполный день, Отделочник, для женщин, NaN
автоэлектрик по выходным, по выходным, Автоэлектрик, NaN, NaN
педагог подработка для студентов, Подработка, Педагог, для студентов, NaN
модель на неполный день с ежедневной оплатой, на неполный день, Модель, NaN, с ежедневной оплатой
проектировщик ночная, Ночная, Проектировщик, NaN, NaN
оценщик подработка с проживанием, Подработка, Оценщик, NaN, с проживанием
технолог на дому для пенсионеров, на дому, Технолог, для пенсионеров, NaN
сметчик на неполный день, на неполный день, Сметчик, NaN, NaN
плиточник ночная, Ночная, Плиточник, NaN, NaN
репетитор подработка для мужчин, Подработка, Репетитор, для мужчин, NaN
столяр на дому с ежедневной оплатой, на дому, Столяр, NaN, с ежедневной оплатой
мойщик на неполный день для пенсионеров, на неполный день, Мойщик, для пенсионеров, NaN
рыбообработчик ночная, Ночная, Рыбообработчик, NaN, NaN
художник на неполный день с проживанием, на неполный день, Художник, NaN, с проживанием
изолировщик по выходным, по выходным, Изолировщик, NaN, NaN
маркетолог подработка для инвалидов, Подработка, Маркетолог, для инвалидов, NaN
вожатый вахта с проживанием, Вахта, Вожатый, NaN, с проживанием
фельдшер подработка для женщин, Подработка, Фельдшер, для женщин, NaN
фасовщик ночная для студентов, Ночная, Фасовщик, для студентов, NaN
артист на неполный день, на неполный день, Артист, NaN, NaN
моторист на дому, на дому, Моторист, NaN, NaN
садовник подработка для инвалидов, Подработка, Садовник, для инвалидов, NaN
бригадир на неполный день для студентов, на неполный день, Бригадир, для студентов, NaN
электромеханик вахта, Вахта, Электромеханик, NaN, NaN
аудитор на неполный день для пенсионеров, на неполный день, Аудитор, для пенсионеров, NaN
санитар на неполный день для женщин, на неполный день, Санитар, для женщин, NaN
работа визажист на неполный день, на неполный день, Визажист, NaN, NaN
геодезист подработка для мужчин, Подработка, Геодезист, для мужчин, NaN
полицейский на дому, на дому, Полицейский, NaN, NaN
инспектор ночная, Ночная, Инспектор, NaN, NaN
пожарный вахта с проживанием, Вахта, Пожарный, NaN, с проживанием
аналитик на неполный день для студентов, на неполный день, Аналитик, для студентов, NaN
мастер-бровист подработка для женщин, Подработка, Мастер-бровист, для женщин, NaN
архитектор на неполный день, на неполный день, Архитектор, NaN, NaN
флорист ночная для женщин, Ночная, Флорист, для женщин, NaN
кинолог по выходным, по выходным, Кинолог, NaN, NaN
кровельщик на неполный день с проживанием, на неполный день, Кровельщик, NaN, с проживанием
электромонтажник подработка для мужчин, Подработка, Электромонтажник, для мужчин, NaN
воспитатель на дому, на дому, Воспитатель, NaN, NaN
сантехник вахта, Вахта, Сантехник, NaN, NaN
заведующий на неполный день, на неполный день, Заведующий, NaN, NaN
шиномонтажник подработка с ежедневной оплатой, Подработка, Шиномонтажник, NaN, с ежедневной оплатой
капитан на неполный день для мужчин, на неполный день, Капитан, для мужчин, NaN
заместитель ночная, Ночная, Заместитель, NaN, NaN
промоутер по выходным, по выходным, Промоутер, NaN, NaN
промышленный альпинист вахта, Вахта, Промышленный альпинист, NaN, NaN
пекарь на неполный день, на неполный день, Пекарь, NaN, NaN
буфетчик подработка для женщин, Подработка, Буфетчик, для женщин, NaN
мастер татуировки на дому, на дому, Мастер татуировки, NaN, NaN
гардеробщик подработка для пенсионеров, Подработка, Гардеробщик, для пенсионеров, NaN
бетонщик на неполный день, на неполный день, Бетонщик, NaN, NaN
консультант подработка для студентов, Подработка, Консультант, для студентов, NaN
экономист ночная, Ночная, Экономист, NaN, NaN
консьерж на неполный день, на неполный день, Консьерж, NaN, NaN
контролер на дому, на дому, Контролер, NaN, NaN
медрегистратор подработка, Подработка, Медрегистратор, NaN, NaN
кондитер на неполный день для женщин, на неполный день, Кондитер, для женщин, NaN
заправщик АЗС на дому, на дому, Заправщик АЗС, NaN, NaN
бармен вахта с проживанием, Вахта, Бармен, NaN, с проживанием
визажист по выходным, по выходным, Визажист, NaN, NaN
геодезист на неполный день для женщин, на неполный день, Геодезист, для женщин, NaN
полицейский подработка для мужчин, Подработка, Полицейский, для мужчин, NaN
инспектор ночная с проживанием, Ночная, Инспектор, NaN, с проживанием
пожарный на неполный день, на неполный день, Пожарный, NaN, NaN
аналитик на дому для мужчин, на дому, Аналитик, для мужчин, NaN
мастер-бровист вахта с проживанием, Вахта, Мастер-бровист, NaN, с проживанием
архитектор подработка для студентов, Подработка, Архитектор, для студентов, NaN
флорист на неполный день, на неполный день, Флорист, NaN, NaN
кинолог ночная для инвалидов, Ночная, Кинолог, для инвалидов, NaN
кровельщик подработка для женщин, Подработка, Кровельщик, для женщин, NaN
электромонтажник на дому, на дому, Электромонтажник, NaN, NaN
воспитатель подработка для инвалидов, Подработка, Воспитатель, для инвалидов, NaN
сантехник ночная для пенсионеров, Ночная, Сантехник, для пенсионеров, NaN
заведующий на неполный день с ежедневной оплатой, на неполный день, Заведующий, NaN, с ежедневной оплатой
шиномонтажник вахта, Вахта, Шиномонтажник, NaN, NaN
капитан на неполный день для инвалидов, на неполный день, Капитан, для инвалидов, NaN
заместитель подработка для студентов, Подработка, Заместитель, для студентов, NaN
промоутер на дому, на дому, Промоутер, NaN, NaN
промышленный альпинист ночная для мужчин, Ночная, Промышленный альпинист, для мужчин, NaN
пекарь подработка с ежедневной оплатой, Подработка, Пекарь, NaN, с ежедневной оплатой
буфетчик на неполный день для студентов, на неполный день, Буфетчик, для студентов, NaN
мастер татуировки вахта, Вахта, Мастер татуировки, NaN, NaN
гардеробщик ночная, Ночная, Гардеробщик, NaN, NaN
бетонщик подработка для пенсионеров, Подработка, Бетонщик, для пенсионеров, NaN
консультант на неполный день для женщин, на неполный день, Консультант, для женщин, NaN
экономист подработка, Подработка, Экономист, NaN, NaN
консьерж на неполный день с проживанием, на неполный день, Консьерж, NaN, с проживанием
контролер ночная для инвалидов, Ночная, Контролер, для инвалидов, NaN
медрегистратор на неполный день, на неполный день, Медрегистратор, NaN, NaN
кондитер на неполный день с ежедневной оплатой, на неполный день, Кондитер, NaN, с ежедневной оплатой
заправщик АЗС подработка, Подработка, Заправщик АЗС, NaN, NaN
бармен на дому для женщин, на дому, Бармен, для женщин, NaN
визажист вахта, Вахта, Визажист, NaN, NaN
геодезист ночная для инвалидов, Ночная, Геодезист, для инвалидов, NaN
полицейский на неполный день для студентов, на неполный день, Полицейский, для студентов, NaN
инспектор подработка для мужчин, Подработка, Инспектор, для мужчин, NaN
пожарный на дому для пенсионеров, на дому, Пожарный, для пенсионеров, NaN
аналитик вахта с проживанием, Вахта, Аналитик, NaN, с проживанием
мастер-бровист ночная, Ночная, Мастер-бровист, NaN, NaN
архитектор подработка для мужчин, Подработка, Архитектор, для мужчин, NaN
флорист ночная для студентов, Ночная, Флорист, для студентов, NaN
кинолог на неполный день с проживанием, на неполный день, Кинолог, NaN, с проживанием
кровельщик подработка для женщин, Подработка, Кровельщик, для женщин, NaN
электромонтажник вахта, Вахта, Электромонтажник, NaN, NaN
воспитатель на неполный день для женщин, на неполный день, Воспитатель, для женщин, NaN
сантехник на дому, на дому, Сантехник, NaN, NaN
заведующий ночная для женщин, Ночная, Заведующий, для женщин, NaN
шиномонтажник подработка для мужчин, Подработка, Шиномонтажник, для мужчин, NaN
капитан на неполный день, на неполный день, Капитан, NaN, NaN
заместитель на дому, на дому, Заместитель, NaN, NaN
промоутер на неполный день, на неполный день, Промоутер, NaN, NaN
промышленный альпинист ночная с проживанием, Ночная, Промышленный альпинист, NaN, с проживанием
работа кассир на неполный день, на неполный день, Кассир, NaN, NaN
ювелир подработка для мужчин, Подработка, Ювелир, для мужчин, NaN
бурильщик на дому для студентов, на дому, Бурильщик, для студентов, NaN
экспедитор вахта с проживанием, Вахта, Экспедитор, NaN, с проживанием
специалист по взысканию задолженности подработка для женщин, Подработка, Специалист по взысканию задолженности / Коллектор, для женщин, NaN
мерчендайзер на неполный день, на неполный день, Мерчендайзер, NaN, NaN
фармацевт ночная, Ночная, Фармацевт, NaN, NaN
бухгалтер на дому для женщин, на дому, Бухгалтер, для женщин, NaN
прораб подработка, Подработка, Прораб, NaN, NaN
упаковщик вахта, Вахта, Упаковщик, NaN, NaN
стилист на неполный день с ежедневной оплатой, на неполный день, Стилист, NaN, с ежедневной оплатой
каменщик подработка для мужчин, Подработка, Каменщик, для мужчин, NaN
аниматор на неполный день, на неполный день, Аниматор, NaN, NaN
секретарь вахта, Вахта, Секретарь, NaN, NaN
лаборант на неполный день для студентов, на неполный день, Лаборант, для студентов, NaN
приемщик подработка для женщин, Подработка, Приемщик, для женщин, NaN
гид, экскурсовод ночная, Ночная, Гид, экскурсовод, NaN, NaN
делопроизводитель на дому, на дому, Делопроизводитель, NaN, NaN
библиотекарь на неполный день для пенсионеров, на неполный день, Библиотекарь, для пенсионеров, NaN
газорезчик подработка с проживанием, Подработка, Газорезчик, NaN, с проживанием
мотомеханик на неполный день, на неполный день, Мотомеханик, NaN, NaN
редактор вахта, Вахта, Редактор, NaN, NaN
электрогазосварщик подработка, Подработка, Электрогазосварщик, NaN, NaN
автослесарь на неполный день для мужчин, на неполный день, Автослесарь, для мужчин, NaN
хостес на дому для женщин, на дому, Хостес, для женщин, NaN
кузнец подработка, Подработка, Кузнец, NaN, NaN
адвокат на неполный день, на неполный день, Адвокат, NaN, NaN
видеооператор вахта с проживанием, Вахта, Видеооператор, NaN, с проживанием
эколог на неполный день для студентов, на неполный день, Эколог, для студентов, NaN
замерщик подработка для мужчин, Подработка, Замерщик, для мужчин, NaN
наладчик на дому, на дому, Наладчик, NaN, NaN
пилот подработка для студентов, Подработка, Пилот, для студентов, NaN
оперуполномоченный на неполный день с ежедневной оплатой, на неполный день, Оперуполномоченный, NaN, с ежедневной оплатой
оклейщик на неполный день, на неполный день, Оклейщик, NaN, NaN
химик на дому, на дому, Химик, NaN, NaN
кассир на неполный день для студентов, на неполный день, Кассир, для студентов, NaN
ювелир вахта с проживанием, Вахта, Ювелир, NaN, с проживанием
бурильщик на неполный день, на неполный день, Бурильщик, NaN, NaN
экспедитор ночная для инвалидов, Ночная, Экспедитор, для инвалидов, NaN
специалист по взысканию задолженности подработка для женщин, Подработка, Специалист по взысканию задолженности / Коллектор, для женщин, NaN
мерчендайзер на неполный день для женщин, на неполный день, Мерчендайзер, для женщин, NaN
фармацевт на дому, на дому, Фармацевт, NaN, NaN
бухгалтер вахта, Вахта, Бухгалтер, NaN, NaN
прораб ночная, Ночная, Прораб, NaN, NaN
упаковщик на неполный день для женщин, на неполный день, Упаковщик, для женщин, NaN
стилист подработка для студентов, Подработка, Стилист, для студентов, NaN
каменщик подработка для инвалидов, Подработка, Каменщик, для инвалидов, NaN
аниматор на неполный день, на неполный день, Аниматор, NaN, NaN
секретарь подработка с ежедневной оплатой, Подработка, Секретарь, NaN, с ежедневной оплатой
лаборант ночная, Ночная, Лаборант, NaN, NaN
приемщик вахта с проживанием, Вахта, Приемщик, NaN, с проживанием
гид, экскурсовод подработка, Подработка, Гид, экскурсовод, NaN, NaN
делопроизводитель на неполный день для пенсионеров, на неполный день, Делопроизводитель, для пенсионеров, NaN
библиотекарь на неполный день для женщин, на неполный день, Библиотекарь, для женщин, NaN
газорезчик на дому для студентов, на дому, Газорезчик, для студентов, NaN
мотомеханик подработка для пенсионеров, Подработка, Мотомеханик, для пенсионеров, NaN
редактор ночная для мужчин, Ночная, Редактор, для мужчин, NaN
электрогазосварщик на неполный день для женщин, на неполный день, Электрогазосварщик, для женщин, NaN
автослесарь на дому для женщин, на дому, Автослесарь, для женщин, NaN
хостес на неполный день для студентов, на неполный день, Хостес, для студентов, NaN
кузнец вахта с проживанием, Вахта, Кузнец, NaN, с проживанием
адвокат ночная, Ночная, Адвокат, NaN, NaN
видеооператор на неполный день, на неполный день, Видеооператор, NaN, NaN
эколог вахта, Вахта, Эколог, NaN, NaN
замерщик подработка для пенсионеров, Подработка, Замерщик, для пенсионеров, NaN
наладчик подработка для студентов, Подработка, Наладчик, для студентов, NaN
пилот на неполный день, на неполный день, Пилот, NaN, NaN
оперуполномоченный подработка с проживанием, Подработка, Оперуполномоченный, NaN, с проживанием
оклейщик ночная для инвалидов, Ночная, Оклейщик, для инвалидов, NaN
химик на неполный день для женщин, на неполный день, Химик, для женщин, NaN
кассир на неполный день с ежедневной оплатой, на неполный день, Кассир, NaN, с ежедневной оплатой
ювелир на дому, на дому, Ювелир, NaN, NaN
бурильщик ночная, Ночная, Бурильщик, NaN, NaN
экспедитор подработка для мужчин, Подработка, Экспедитор, для мужчин, NaN
специалист по взысканию задолженности на неполный день, на неполный день, Специалист по взысканию задолженности / Коллектор, NaN, NaN
мерчендайзер на неполный день для инвалидов, на неполный день, Мерчендайзер, для инвалидов, NaN
фармацевт подработка для женщин, Подработка, Фармацевт, для женщин, NaN
бухгалтер ночная с проживанием, Ночная, Бухгалтер, NaN, с проживанием
прораб на неполный день для студентов, на неполный день, Прораб, для студентов, NaN
упаковщик на дому, на дому, Упаковщик, NaN, NaN
стилист ночная для мужчин, Ночная, Стилист, для мужчин, NaN
каменщик вахта с проживанием, Вахта, Каменщик, NaN, с проживанием
аниматор подработка для женщин, Подработка, Аниматор, для женщин, NaN
секретарь на дому для пенсионеров, на дому, Секретарь, для пенсионеров, NaN
работа инкассатор на неполный день, на неполный день, Инкассатор, NaN, NaN
лифтер подработка для мужчин, Подработка, Лифтер, для мужчин, NaN
гример на дому, на дому, Гример, NaN, NaN
энергетик вахта с проживанием, Вахта, Энергетик, NaN, с проживанием
рыбак на неполный день для мужчин, на неполный день, Рыбак, для мужчин, NaN
декларант, таможенный брокер ночная, Ночная, Декларант, таможенный брокер, NaN, NaN
танцовщица, танцовщик подработка для женщин, Подработка, Танцовщица, танцовщик, для женщин, NaN
печатник на неполный день, на неполный день, Печатник, NaN, NaN
геолог вахта с проживанием, Вахта, Геолог, NaN, с проживанием
парковщик подработка, Подработка, Парковщик, NaN, NaN
специалист по химчистке на дому для женщин, на дому, Специалист по химчистке, для женщин, NaN
мясник ночная для мужчин, Ночная, Мясник, для мужчин, NaN
авторазборщик подработка для студентов, Подработка, Авторазборщик, для студентов, NaN
хореограф на неполный день, на неполный день, Хореограф, NaN, NaN
журналист на дому для женщин, на дому, Журналист, для женщин, NaN
организатор вахта с проживанием, Вахта, Организатор, NaN, с проживанием
дневальный на неполный день, на неполный день, Дневальный, NaN, NaN
акушер подработка, Подработка, Акушер, NaN, NaN
колорист на неполный день для женщин, на неполный день, Колорист, для женщин, NaN
натурщик вахта, Вахта, Натурщик, NaN, NaN
инкассатор на дому для студентов, на дому, Инкассатор, для студентов, NaN
лифтер подработка с ежедневной оплатой, Подработка, Лифтер, NaN, с ежедневной оплатой
гример на неполный день для пенсионеров, на неполный день, Гример, для пенсионеров, NaN
энергетик подработка, Подработка, Энергетик, NaN, NaN
рыбак на дому для инвалидов, на дому, Рыбак, для инвалидов, NaN
декларант, таможенный брокер на неполный день, на неполный день, Декларант, таможенный брокер, NaN, NaN
танцовщица, танцовщик ночная, Ночная, Танцовщица, танцовщик, NaN, NaN
печатник на неполный день для студентов, на неполный день, Печатник, для студентов, NaN
геолог подработка для мужчин, Подработка, Геолог, для мужчин, NaN
парковщик на неполный день, на неполный день, Парковщик, NaN, NaN
специалист по химчистке вахта, Вахта, Специалист по химчистке, NaN, NaN
мясник ночная для пенсионеров, Ночная, Мясник, для пенсионеров, NaN
авторазборщик подработка для женщин, Подработка, Авторазборщик, для женщин, NaN
хореограф вахта, Вахта, Хореограф, NaN, NaN
журналист на дому, на дому, Журналист, NaN, NaN
организатор на неполный день для мужчин, на неполный день, Организатор, для мужчин, NaN
дневальный подработка, Подработка, Дневальный, NaN, NaN
акушер вахта с проживанием, Вахта, Акушер, NaN, с проживанием
колорист на дому для студентов, на дому, Колорист, для студентов, NaN
натурщик ночная для инвалидов, Ночная, Натурщик, для инвалидов, NaN
инкассатор подработка для женщин, Подработка, Инкассатор, для женщин, NaN
лифтер на неполный день, на неполный день, Лифтер, NaN, NaN
гример на неполный день с проживанием, на неполный день, Гример, NaN, с проживанием
энергетик подработка для инвалидов, Подработка, Энергетик, для инвалидов, NaN
рыбак на неполный день для студентов, на неполный день, Рыбак, для студентов, NaN
декларант, таможенный брокер на неполный день, на неполный день, Декларант, таможенный брокер, NaN, NaN
танцовщица, танцовщик подработка с ежедневной оплатой, Подработка, Танцовщица, танцовщик, NaN, с ежедневной оплатой
печатник ночная, Ночная, Печатник, NaN, NaN
геолог на неполный день для студентов, на неполный день, Геолог, для студентов, NaN
парковщик на дому, на дому, Парковщик, NaN, NaN
специалист по химчистке на неполный день для женщин, на неполный день, Специалист по химчистке, для женщин, NaN
мясник вахта с проживанием, Вахта, Мясник, NaN, с проживанием
авторазборщик ночная, Ночная, Авторазборщик, NaN, NaN
хореограф на неполный день для пенсионеров, на неполный день, Хореограф, для пенсионеров, NaN
журналист подработка для женщин, Подработка, Журналист, для женщин, NaN
организатор на неполный день, на неполный день, Организатор, NaN, NaN
дневальный ночная для инвалидов, Ночная, Дневальный, для инвалидов, NaN
акушер на дому для инвалидов, на дому, Акушер, для инвалидов, NaN
колорист подработка для студентов, Подработка, Колорист, для студентов, NaN
натурщик подработка, Подработка, Натурщик, NaN, NaN
инкассатор на неполный день с проживанием, на неполный день, Инкассатор, NaN, с проживанием
лифтер вахта с проживанием, Вахта, Лифтер, NaN, с проживанием
гример подработка для инвалидов, Подработка, Гример, для инвалидов, NaN
энергетик на дому для женщин, на дому, Энергетик, для женщин, NaN
рыбак на неполный день с ежедневной оплатой, на неполный день, Рыбак, NaN, с ежедневной оплатой
декларант, таможенный брокер вахта для мужчин, Вахта, Декларант, таможенный брокер, для мужчин, NaN
танцовщица, танцовщик на неполный день для студентов, на неполный день, Танцовщица, танцовщик, для студентов, NaN
печатник на неполный день с проживанием, на неполный день, Печатник, NaN, с проживанием
геолог подработка для пенсионеров, Подработка, Геолог, для пенсионеров, NaN
парковщик подработка для мужчин, Подработка, Парковщик, для мужчин, NaN
специалист по химчистке на дому для студентов, на дому, Специалист по химчистке, для студентов, NaN
мясник подработка для женщин, Подработка, Мясник, для женщин, NaN
авторазборщик на дому для инвалидов, на дому, Авторазборщик, для инвалидов, NaN
хореограф ночная, Ночная, Хореограф, NaN, NaN
журналист подработка с ежедневной оплатой, Подработка, Журналист, NaN, с ежедневной оплатой
организатор на неполный день для студентов, на неполный день, Организатор, для студентов, NaN
дневальный подработка с проживанием, Подработка, Дневальный, NaN, с проживанием
акушер ночная, Ночная, Акушер, NaN, NaN
колорист на неполный день для женщин, на неполный день, Колорист, для женщин, NaN
натурщик на неполный день с ежедневной оплатой, на неполный день, Натурщик, NaN, с ежедневной оплатой
работа дефектолог на неполный день, на неполный день, Дефектолог, NaN, NaN
мастер по наращиванию ресниц подработка, Подработка, Мастер по наращиванию ресниц, NaN, NaN
координатор на дому, на дому, Координатор, NaN, NaN
дезинфектор вахта с проживанием, Вахта, Дезинфектор, NaN, с проживанием
автомаляр на неполный день, на неполный день, Автомаляр, NaN, NaN
формовщик подработка для студентов, Подработка, Формовщик, для студентов, NaN
гувернантка, гувернер на дому для женщин, на дому, Гувернантка, гувернер, для женщин, NaN
метеоролог на неполный день для мужчин, на неполный день, Метеоролог, для мужчин, NaN
военнослужащий по контракту ночная, Ночная, Военнослужащий по контракту, NaN, NaN
системный администратор на дому, на дому, Системный администратор, NaN, NaN
сортировщик вахта, Вахта, Сортировщик, NaN, NaN
комендант подработка для пенсионеров, Подработка, Комендант, для пенсионеров, NaN
водолаз на неполный день с проживанием, на неполный день, Водолаз, NaN, с проживанием
тальман подработка, Подработка, Тальман, NaN, NaN
провизор на неполный день для женщин, на неполный день, Провизор, для женщин, NaN
методист ночная, Ночная, Методист, NaN, NaN
следователь вахта, Вахта, Следователь, NaN, NaN
дефектолог на неполный день для студентов, на неполный день, Дефектолог, для студентов, NaN
мастер по наращиванию ресниц вахта с проживанием, Вахта, Мастер по наращиванию ресниц, NaN, с проживанием
координатор подработка для инвалидов, Подработка, Координатор, для инвалидов, NaN
дезинфектор на неполный день, на неполный день, Дезинфектор, NaN, NaN
автомаляр ночная, Ночная, Автомаляр, NaN, NaN
формовщик на дому для женщин, на дому, Формовщик, для женщин, NaN
гувернантка, гувернер на неполный день, на неполный день, Гувернантка, гувернер, NaN, NaN
метеоролог подработка, Подработка, Метеоролог, NaN, NaN
военнослужащий по контракту ночная для мужчин, Ночная, Военнослужащий по контракту, для мужчин, NaN
системный администратор на неполный день для женщин, на неполный день, Системный администратор, для женщин, NaN
сортировщик на дому для студентов, на дому, Сортировщик, для студентов, NaN
комендант вахта с проживанием, Вахта, Комендант, NaN, с проживанием
водолаз подработка, Подработка, Водолаз, NaN, NaN
тальман на неполный день для пенсионеров, на неполный день, Тальман, для пенсионеров, NaN
провизор ночная, Ночная, Провизор, NaN, NaN
методист подработка, Подработка, Методист, NaN, NaN
следователь на неполный день с проживанием, на неполный день, Следователь, NaN, с проживанием
дефектолог подработка для женщин, Подработка, Дефектолог, для женщин, NaN
мастер по наращиванию ресниц на неполный день, на неполный день, Мастер по наращиванию ресниц, NaN, NaN
координатор ночная для инвалидов, Ночная, Координатор, для инвалидов, NaN
дезинфектор вахта для студентов, Вахта, Дезинфектор, для студентов, NaN
автомаляр подработка для инвалидов, Подработка, Автомаляр, для инвалидов, NaN
формовщик ночная для студентов, Ночная, Формовщик, для студентов, NaN
гувернантка, гувернер на неполный день для инвалидов, на неполный день, Гувернантка, гувернер, для инвалидов, NaN
метеоролог вахта с проживанием, Вахта, Метеоролог, NaN, с проживанием
военнослужащий по контракту подработка, Подработка, Военнослужащий по контракту, NaN, NaN
системный администратор на дому для пенсионеров, на дому, Системный администратор, для пенсионеров, NaN
сортировщик на неполный день для мужчин, на неполный день, Сортировщик, для мужчин, NaN
комендант на дому, на дому, Комендант, NaN, NaN
водолаз на неполный день для женщин, на неполный день, Водолаз, для женщин, NaN
тальман на дому, на дому, Тальман, NaN, NaN
провизор на неполный день для инвалидов, на неполный день, Провизор, для инвалидов, NaN
методист на неполный день для мужчин, на неполный день, Методист, для мужчин, NaN
следователь вахта для женщин, Вахта, Следователь, для женщин, NaN
дефектолог вахта для мужчин, Вахта, Дефектолог, для мужчин, NaN
мастер по наращиванию ресниц ночная, Ночная, Мастер по наращиванию ресниц, NaN, NaN
координатор подработка с ежедневной оплатой, Подработка, Координатор, NaN, с ежедневной оплатой
дезинфектор на неполный день с проживанием, на неполный день, Дезинфектор, NaN, с проживанием
автомаляр подработка для пенсионеров, Подработка, Автомаляр, для пенсионеров, NaN
формовщик на дому для женщин, на дому, Формовщик, для женщин, NaN
гувернантка, гувернер подработка для студентов, Подработка, Гувернантка, гувернер, для студентов, NaN
метеоролог на неполный день для женщин, на неполный день, Метеоролог, для женщин, NaN
военнослужащий по контракту ночная с проживанием, Ночная, Военнослужащий по контракту, NaN, с проживанием
системный администратор подработка с проживанием, Подработка, Системный администратор, NaN, с проживанием
сортировщик на неполный день для женщин, на неполный день, Сортировщик, для женщин, NaN
комендант вахта для инвалидов, Вахта, Комендант, для инвалидов, NaN
водолаз на дому для женщин, на дому, Водолаз, для женщин, NaN
тальман подработка с ежедневной оплатой, Подработка, Тальман, NaN, с ежедневной оплатой
провизор ночная для инвалидов, Ночная, Провизор, для инвалидов, NaN
методист на неполный день для студентов, на неполный день, Методист, для студентов, NaN
следователь ночная с проживанием, Ночная, Следователь, NaN, с проживанием
дефектолог на неполный день для женщин, на неполный день, Дефектолог, для женщин, NaN
мастер по наращиванию ресниц ночная с проживанием, Ночная, Мастер по наращиванию ресниц, NaN, с проживанием
координатор на неполный день для пенсионеров, на неполный день, Координатор, для пенсионеров, NaN
дезинфектор на дому для инвалидов, на дому, Дезинфектор, для инвалидов, NaN
автомаляр подработка для студентов, Подработка, Автомаляр, для студентов, NaN
формовщик вахта для женщин, Вахта, Формовщик, для женщин, NaN
гувернантка, гувернер ночная, Ночная, Гувернантка, гувернер, NaN, NaN
метеоролог подработка для инвалидов, Подработка, Метеоролог, для инвалидов, NaN
военнослужащий по контракту подработка для мужчин, Подработка, Военнослужащий по контракту, для мужчин, NaN
системный администратор на неполный день для инвалидов, на неполный день, Системный администратор, для инвалидов, NaN
сортировщик ночная с проживанием, Ночная, Сортировщик, NaN, с проживанием
комендант на неполный день для женщин, на неполный день, Комендант, для женщин, NaN
водолаз на неполный день для пенсионеров, на неполный день, Водолаз, для пенсионеров, NaN
работа кондуктор на неполный день, на неполный день, Кондуктор, NaN, NaN
дефектоскопист подработка, Подработка, Дефектоскопист, NaN, NaN
оптик на дому для женщин, на дому, Оптик, для женщин, NaN
крупье вахта с проживанием, Вахта, Крупье, NaN, с проживанием
диджей ночная, Ночная, Диджей, NaN, NaN
судоводитель на неполный день для студентов, на неполный день, Судоводитель, для студентов, NaN
кальянщик подработка для мужчин, Подработка, Кальянщик, для мужчин, NaN
техник на дому, на дому, Техник, NaN, NaN
кабельщик на неполный день, на неполный день, Кабельщик, NaN, NaN
скульптор на неполный день для женщин, на неполный день, Скульптор, для женщин, NaN
портной подработка с ежедневной оплатой, Подработка, Портной, NaN, с ежедневной оплатой
вальцовщик вахта, Вахта, Вальцовщик, NaN, NaN
официант на неполный день, на неполный день, Официант, NaN, NaN
укладчик на дому для пенсионеров, на дому, Укладчик, для пенсионеров, NaN
регистратор ночная, Ночная, Регистратор, NaN, NaN
боцман вахта, Вахта, Боцман, NaN, NaN
сюрвейер подработка, Подработка, Сюрвейер, NaN, NaN
механизатор на неполный день, на неполный день, Механизатор, NaN, NaN
советник вахта с проживанием, Вахта, Советник, NaN, с проживанием
аппаратчик на неполный день для студентов, на неполный день, Аппаратчик, для студентов, NaN
обивщик подработка для женщин, Подработка, Обивщик, для женщин, NaN
работа кондуктор на дому для инвалидов, на дому, Кондуктор, для инвалидов, NaN
дефектоскопист ночная с проживанием, Ночная, Дефектоскопист, NaN, с проживанием
оптик подработка с ежедневной оплатой, Подработка, Оптик, NaN, с ежедневной оплатой
крупье вахта для студентов, Вахта, Крупье, для студентов, NaN
диджей на неполный день для инвалидов, на неполный день, Диджей, для инвалидов, NaN
судоводитель ночная, Ночная, Судоводитель, NaN, NaN
кальянщик на неполный день, на неполный день, Кальянщик, NaN, NaN
техник подработка для мужчин, Подработка, Техник, для мужчин, NaN
кабельщик на дому для женщин, на дому, Кабельщик, для женщин, NaN
скульптор на неполный день с проживанием, на неполный день, Скульптор, NaN, с проживанием
портной на дому для пенсионеров, на дому, Портной, для пенсионеров, NaN
вальцовщик подработка для женщин, Подработка, Вальцовщик, для женщин, NaN
официант на дому для мужчин, на дому, Официант, для мужчин, NaN
укладчик вахта с проживанием, Вахта, Укладчик, NaN, с проживанием
регистратор подработка для студентов, Подработка, Регистратор, для студентов, NaN
боцман на неполный день для мужчин, на неполный день, Боцман, для мужчин, NaN
сюрвейер на дому для инвалидов, на дому, Сюрвейер, для инвалидов, NaN
механизатор на неполный день для женщин, на неполный день, Механизатор, для женщин, NaN
советник ночная, Ночная, Советник, NaN, NaN
аппаратчик подработка с ежедневной оплатой, Подработка, Аппаратчик, NaN, с ежедневной оплатой
обивщик ночная, Ночная, Обивщик, NaN, NaN
работа кондуктор подработка для инвалидов, Подработка, Кондуктор, для инвалидов, NaN
дефектоскопист на дому для пенсионеров, на дому, Дефектоскопист, для пенсионеров, NaN
оптик вахта для студентов, Вахта, Оптик, для студентов, NaN
крупье на неполный день для мужчин, на неполный день, Крупье, для мужчин, NaN
диджей на неполный день для женщин, на неполный день, Диджей, для женщин, NaN
судоводитель вахта для женщин, Вахта, Судоводитель, для женщин, NaN
кальянщик подработка с проживанием, Подработка, Кальянщик, NaN, с проживанием
техник ночная, Ночная, Техник, NaN, NaN
кабельщик подработка для инвалидов, Подработка, Кабельщик, для инвалидов, NaN
скульптор на неполный день с проживанием, на неполный день, Скульптор, NaN, с проживанием
портной на неполный день для мужчин, на неполный день, Портной, для мужчин, NaN
вальцовщик на дому для инвалидов, на дому, Вальцовщик, для инвалидов, NaN
официант вахта для женщин, Вахта, Официант, для женщин, NaN
укладчик на дому для студентов, на дому, Укладчик, для студентов, NaN
регистратор подработка для пенсионеров, Подработка, Регистратор, для пенсионеров, NaN
боцман ночная, Ночная, Боцман, NaN, NaN
сюрвейер на неполный день для женщин, на неполный день, Сюрвейер, для женщин, NaN
механизатор вахта с проживанием, Вахта, Механизатор, NaN, с проживанием
советник подработка, Подработка, Советник, NaN, NaN
аппаратчик ночная для мужчин, Ночная, Аппаратчик, для мужчин, NaN
обивщик на дому для студентов, на дому, Обивщик, для студентов, NaN
работа кондуктор ночная с проживанием, Ночная, Кондуктор, NaN, с проживанием
дефектоскопист вахта, Вахта, Дефектоскопист, NaN, NaN
оптик ночная, Ночная, Оптик, NaN, NaN
крупье подработка для студентов, Подработка, Крупье, для студентов, NaN
диджей на неполный день с проживанием, на неполный день, Диджей, NaN, с проживанием
судоводитель подработка, Подработка, Судоводитель, NaN, NaN
кальянщик на неполный день с ежедневной оплатой, на неполный день, Кальянщик, NaN, с ежедневной оплатой
техник подработка для студентов, Подработка, Техник, для студентов, NaN
кабельщик на неполный день для женщин, на неполный день, Кабельщик, для женщин, NaN
скульптор ночная с проживанием, Ночная, Скульптор, NaN, с проживанием
портной подработка для инвалидов, Подработка, Портной, для инвалидов, NaN
вальцовщик ночная, Ночная, Вальцовщик, NaN, NaN
официант на неполный день для инвалидов, на неполный день, Официант, для инвалидов, NaN
укладчик на неполный день для мужчин, на неполный день, Укладчик, для мужчин, NaN
регистратор на дому для женщин, на дому, Регистратор, для женщин, NaN
боцман на неполный день, на неполный день, Боцман, NaN, NaN
сюрвейер ночная для студентов, Ночная, Сюрвейер, для студентов, NaN
механизатор на дому для женщин, на дому, Механизатор, для женщин, NaN
советник вахта для пенсионеров, Вахта, Советник, для пенсионеров, NaN
аппаратчик ночная с проживанием, Ночная, Аппаратчик, NaN, с проживанием
обивщик на неполный день для пенсионеров, на неполный день, Обивщик, для пенсионеров, NaN
работа биолог вахта, Вахта, Биолог, NaN, NaN
рентгенолаборант на неполный день, на неполный день, Рентгенолаборант, NaN, NaN
жестянщик подработка для мужчин, Подработка, Жестянщик, для мужчин, NaN
интервьюер удаленная, Удаленная, Интервьюер, NaN, NaN
архивариус на неполный день для женщин, на неполный день, Архивариус, для женщин, NaN
арматурщик подработка, Подработка, Арматурщик, NaN, NaN
сомелье на дому для студентов, на дому, Сомелье, для студентов, NaN
кредитный специалист ночная, Ночная, Кредитный специалист, NaN, NaN
юрисконсульт вахта с проживанием, Вахта, Юрисконсульт, NaN, с проживанием
специалист по изготовлению мебели на неполный день, на неполный день, Специалист по изготовлению мебели, NaN, NaN
кастелянша вахта для женщин, Вахта, Кастелянша, для женщин, NaN
музыкант на дому, на дому, Музыкант, NaN, NaN
донкерман ночная, Ночная, Донкерман, NaN, NaN
банщик подработка для мужчин, Подработка, Банщик, для мужчин, NaN
модельер на неполный день, на неполный день, Модельер, NaN, NaN
такелажник вахта с проживанием, Вахта, Такелажник, NaN, с проживанием
стяжечник на дому для инвалидов, на дому, Стяжечник, для инвалидов, NaN
торговый представитель ночная, Ночная, Торговый представитель, NaN, NaN
товаровед на неполный день для студентов, на неполный день, Товаровед, для студентов, NaN
повар вахта, Вахта, Повар, NaN, NaN
оператор на неполный день для женщин, на неполный день, Оператор, для женщин, NaN
декоратор подработка с ежедневной оплатой, Подработка, Декоратор, NaN, с ежедневной оплатой
животновод вахта для мужчин, Вахта, Животновод, для мужчин, NaN
дознаватель подработка для пенсионеров, Подработка, Дознаватель, для пенсионеров, NaN
документовед на неполный день для женщин, на неполный день, Документовед, для женщин, NaN
пчеловод ночная с проживанием, Ночная, Пчеловод, NaN, с проживанием
работа биолог на дому, на дому, Биолог, NaN, NaN
рентгенолаборант подработка с ежедневной оплатой, Подработка, Рентгенолаборант, NaN, с ежедневной оплатой
жестянщик вахта для женщин, Вахта, Жестянщик, для женщин, NaN
интервьюер на неполный день для студентов, на неполный день, Интервьюер, для студентов, NaN
архивариус ночная с проживанием, Ночная, Архивариус, NaN, с проживанием
арматурщик подработка для инвалидов, Подработка, Арматурщик, для инвалидов, NaN
сомелье ночная, Ночная, Сомелье, NaN, NaN
кредитный специалист на дому для пенсионеров, на дому, Кредитный специалист, для пенсионеров, NaN
юрисконсульт подработка, Подработка, Юрисконсульт, NaN, NaN
специалист по изготовлению мебели ночная, Ночная, Специалист по изготовлению мебели, NaN, NaN
кастелянша на неполный день для мужчин, на неполный день, Кастелянша, для мужчин, NaN
музыкант подработка для инвалидов, Подработка, Музыкант, для инвалидов, NaN
донкерман на неполный день, на неполный день, Донкерман, NaN, NaN
банщик на неполный день для женщин, на неполный день, Банщик, для женщин, NaN
модельер вахта с проживанием, Вахта, Модельер, NaN, с проживанием
такелажник подработка для пенсионеров, Подработка, Такелажник, для пенсионеров, NaN
стяжечник на дому для студентов, на дому, Стяжечник, для студентов, NaN
торговый представитель на неполный день с ежедневной оплатой, на неполный день, Торговый представитель, NaN, с ежедневной оплатой
товаровед на неполный день, на неполный день, Товаровед, NaN, NaN
повар подработка для женщин, Подработка, Повар, для женщин, NaN
оператор ночная для мужчин, Ночная, Оператор, для мужчин, NaN
декоратор на дому для инвалидов, на дому, Декоратор, для инвалидов, NaN
животновод на неполный день, на неполный день, Животновод, NaN, NaN
дознаватель на неполный день для женщин, на неполный день, Дознаватель, для женщин, NaN
документовед на дому, на дому, Документовед, NaN, NaN
пчеловод подработка, Подработка, Пчеловод, NaN, NaN
работа биолог на неполный день для женщин, на неполный день, Биолог, для женщин, NaN
рентгенолаборант ночная для инвалидов, Ночная, Рентгенолаборант, для инвалидов, NaN
жестянщик на дому для студентов, на дому, Жестянщик, для студентов, NaN
интервьюер подработка для пенсионеров, Подработка, Интервьюер, для пенсионеров, NaN
архивариус на неполный день с проживанием, на неполный день, Архивариус, NaN, с проживанием
арматурщик на дому для инвалидов, на дому, Арматурщик, для инвалидов, NaN
сомелье вахта для женщин, Вахта, Сомелье, для женщин, NaN
кредитный специалист на неполный день для студентов, на неполный день, Кредитный специалист, для студентов, NaN
юрисконсульт подработка для студентов, Подработка, Юрисконсульт, для студентов, NaN
специалист по изготовлению мебели ночная для пенсионеров, Ночная, Специалист по изготовлению мебели, для пенсионеров, NaN
кастелянша подработка для мужчин, Подработка, Кастелянша, для мужчин, NaN
музыкант на неполный день с ежедневной оплатой, на неполный день, Музыкант, NaN, с ежедневной оплатой
донкерман вахта для мужчин, Вахта, Донкерман, для мужчин, NaN
банщик на неполный день для женщин, на неполный день, Банщик, для женщин, NaN
модельер на неполный день для инвалидов, на неполный день, Модельер, для инвалидов, NaN
такелажник ночная для студентов, Ночная, Такелажник, для студентов, NaN
стяжечник подработка для женщин, Подработка, Стяжечник, для женщин, NaN
торговый представитель на дому для пенсионеров, на дому, Торговый представитель, для пенсионеров, NaN
товаровед вахта с проживанием, Вахта, Товаровед, NaN, с проживанием
повар на неполный день для инвалидов, на неполный день, Повар, для инвалидов, NaN
оператор ночная с проживанием, Ночная, Оператор, NaN, с проживанием
декоратор на неполный день, на неполный день, Декоратор, NaN, NaN
животновод подработка для женщин, Подработка, Животновод, для женщин, NaN
дознаватель на неполный день для пенсионеров, на неполный день, Дознаватель, для пенсионеров, NaN
документовед на дому для студентов, на дому, Документовед, для студентов, NaN
пчеловод подработка с ежедневной оплатой, Подработка, Пчеловод, NaN, с ежедневной оплатой
работа биолог ночная для инвалидов, Ночная, Биолог, для инвалидов, NaN
рентгенолаборант на неполный день для женщин, на неполный день, Рентгенолаборант, для женщин, NaN
жестянщик на дому для пенсионеров, на дому, Жестянщик, для пенсионеров, NaN
интервьюер ночная с проживанием, Ночная, Интервьюер, NaN, с проживанием
архивариус подработка, Подработка, Архивариус, NaN, NaN
арматурщик ночная, Ночная, Арматурщик, NaN, NaN
сомелье на неполный день для студентов, на неполный день, Сомелье, для студентов, NaN
кредитный специалист подработка для женщин, Подработка, Кредитный специалист, для женщин, NaN
юрисконсульт на дому для мужчин, на дому, Юрисконсульт, для мужчин, NaN
специалист по изготовлению мебели ночная для инвалидов, Ночная, Специалист по изготовлению мебели, для инвалидов, NaN
работа тонировщик вахта, Вахта, Тонировщик, NaN, NaN
пескоструйщик подработка, Подработка, Пескоструйщик, NaN, NaN
коптильщик на неполный день для мужчин, на неполный день, Коптильщик, для мужчин, NaN
оформитель ночная, Ночная, Оформитель, NaN, NaN
физик на дому, на дому, Физик, NaN, NaN
охотовед на неполный день, на неполный день, Охотовед, NaN, NaN
обвальщик на дому для студентов, на дому, Обвальщик, для студентов, NaN
супервайзер вахта с проживанием, Вахта, Супервайзер, NaN, с проживанием
промывальщик геологических проб ночная, Ночная, Промывальщик геологических проб, NaN, NaN
докер-механизатор подработка для инвалидов, Подработка, Докер-механизатор, для инвалидов, NaN
математик удаленная, Удаленная, Математик, NaN, NaN
детейлер подработка для женщин, Подработка, Детейлер, для женщин, NaN
гладильщик на неполный день для женщин, на неполный день, Гладильщик, для женщин, NaN
озеленитель на дому, на дому, Озеленитель, NaN, NaN
осветитель светотехник на неполный день, на неполный день, Осветитель, светотехник, NaN, NaN
жаровщик вахта для мужчин, Вахта, Жаровщик, для мужчин, NaN
асфальтобетонщик подработка для женщин, Подработка, Асфальтобетонщик, для женщин, NaN
резчик ночная, Ночная, Резчик, NaN, NaN
закройщик на неполный день, на неполный день, Закройщик, NaN, NaN
синоптик подработка с ежедневной оплатой, Подработка, Синоптик, NaN, с ежедневной оплатой
теплотехник вахта, Вахта, Теплотехник, NaN, NaN
шишкарь ночная с проживанием, Ночная, Шишкарь, NaN, с проживанием
прачечник на дому для инвалидов, на дому, Прачечник, для инвалидов, NaN
учетчик на неполный день для студентов, на неполный день, Учетчик, для студентов, NaN
финансист удаленная, Удаленная, Финансист, NaN, NaN
сыровар подработка для мужчин, Подработка, Сыровар, для мужчин, NaN
работа тонировщик подработка для студентов, Подработка, Тонировщик, для студентов, NaN
пескоструйщик ночная, Ночная, Пескоструйщик, NaN, NaN
коптильщик вахта для женщин, Вахта, Коптильщик, для женщин, NaN
оформитель на дому для женщин, на дому, Оформитель, для женщин, NaN
физик на неполный день, на неполный день, Физик, NaN, NaN
охотовед подработка для пенсионеров, Подработка, Охотовед, для пенсионеров, NaN
обвальщик удаленная, Удаленная, Обвальщик, NaN, NaN
супервайзер на неполный день для инвалидов, на неполный день, Супервайзер, для инвалидов, NaN
промывальщик геологических проб на дому, на дому, Промывальщик геологических проб, NaN, NaN
докер-механизатор вахта для инвалидов, Вахта, Докер-механизатор, для инвалидов, NaN
математик подработка для женщин, Подработка, Математик, для женщин, NaN
детейлер ночная для студентов, Ночная, Детейлер, для студентов, NaN
гладильщик подработка для пенсионеров, Подработка, Гладильщик, для пенсионеров, NaN
озеленитель на неполный день для мужчин, на неполный день, Озеленитель, для мужчин, NaN
осветитель светотехник подработка для женщин, Подработка, Осветитель, светотехник, для женщин, NaN
жаровщик удаленная, Удаленная, Жаровщик, NaN, NaN
асфальтобетонщик на неполный день, на неполный день, Асфальтобетонщик, NaN, NaN
резчик вахта для мужчин, Вахта, Резчик, для мужчин, NaN
закройщик подработка для студентов, Подработка, Закройщик, для студентов, NaN
синоптик на неполный день, на неполный день, Синоптик, NaN, NaN
теплотехник подработка, Подработка, Теплотехник, NaN, NaN
шишкарь вахта для пенсионеров, Вахта, Шишкарь, для пенсионеров, NaN
прачечник на неполный день с ежедневной оплатой, на неполный день, Прачечник, NaN, с ежедневной оплатой
учетчик ночная для инвалидов, Ночная, Учетчик, для инвалидов, NaN
финансист вахта с проживанием, Вахта, Финансист, NaN, с проживанием
сыровар на неполный день для мужчин, на неполный день, Сыровар, для мужчин, NaN
работа тонировщик на дому для женщин, на дому, Тонировщик, для женщин, NaN
пескоструйщик на неполный день для инвалидов, на неполный день, Пескоструйщик, для инвалидов, NaN
коптильщик подработка для пенсионеров, Подработка, Коптильщик, для пенсионеров, NaN
оформитель ночная с проживанием, Ночная, Оформитель, NaN, с проживанием
физик подработка для инвалидов, Подработка, Физик, для инвалидов, NaN
охотовед на неполный день для женщин, на неполный день, Охотовед, для женщин, NaN
обвальщик на дому с проживанием, на дому, Обвальщик, NaN, с проживанием
супервайзер подработка для инвалидов, Подработка, Супервайзер, для инвалидов, NaN
промывальщик геологических проб на неполный день для студентов, на неполный день, Промывальщик геологических проб, для студентов, NaN
докер-механизатор ночная, Ночная, Докер-механизатор, NaN, NaN
математик подработка для мужчин, Подработка, Математик, для мужчин, NaN
детейлер на дому для женщин, на дому, Детейлер, для женщин, NaN
гладильщик ночная, Ночная, Гладильщик, NaN, NaN
озеленитель на неполный день для студентов, на неполный день, Озеленитель, для студентов, NaN
осветитель светотехник на неполный день, на неполный день, Осветитель, светотехник, NaN, NaN
жаровщик на дому для женщин, на дому, Жаровщик, для женщин, NaN
асфальтобетонщик ночная с проживанием, Ночная, Асфальтобетонщик, NaN, с проживанием
резчик на неполный день для инвалидов, на неполный день, Резчик, для инвалидов, NaN
закройщик на неполный день для пенсионеров, на неполный день, Закройщик, для пенсионеров, NaN
синоптик подработка для мужчин, Подработка, Синоптик, для мужчин, NaN
теплотехник вахта для женщин, Вахта, Теплотехник, для женщин, NaN
шишкарь подработка для женщин, Подработка, Шишкарь, для женщин, NaN
прачечник ночная с проживанием, Ночная, Прачечник, NaN, с проживанием
учетчик подработка для студентов, Подработка, Учетчик, для студентов, NaN
финансист на неполный день для женщин, на неполный день, Финансист, для женщин, NaN
сыровар ночная для инвалидов, Ночная, Сыровар, для инвалидов, NaN
работа стрелок на неполный день, на неполный день, Стрелок, NaN, NaN
вакансия ревизор подработка, Подработка, Ревизор, NaN, NaN
работа радиотелеграфист на дому, на дому, Радиотелеграфист, NaN, NaN
вальщик леса вахта для мужчин, Вахта, Вальщик леса, для мужчин, NaN
чертежник на неполный день для студентов, на неполный день, Чертежник, для студентов, NaN
фрезеровщик ночная работа с проживанием, Ночная, Фрезеровщик, NaN, с проживанием
операционист подработка для женщин, Подработка, Операционист, для женщин, NaN
микробиолог удаленная работа для инвалидов, Удаленная, Микробиолог, для инвалидов, NaN
шлифовщик вахта для пенсионеров с ежедневной оплатой, Вахта, Шлифовщик, для пенсионеров, с ежедневной оплатой
растениевод ночная работа, Ночная, Растениевод, NaN, NaN
маркшейдер на дому для женщин, на дому, Маркшейдер, для женщин, NaN
крепильщик подработка с проживанием, Подработка, Крепильщик, NaN, с проживанием
почтальон вахта для студентов, Вахта, Почтальон, для студентов, NaN
распространитель на неполный день, на неполный день, Распространитель, NaN, NaN
стивидор ночная работа с проживанием, Ночная, Стивидор, NaN, с проживанием
куратор удаленная работа для женщин, Удаленная, Куратор, для женщин, NaN
корреспондент вахта для мужчин, Вахта, Корреспондент, для мужчин, NaN
распиловщик подработка для инвалидов, Подработка, Распиловщик, для инвалидов, NaN
боевик работа на дому для пенсионеров, на дому, Боец, для пенсионеров, NaN
транспортерщик на неполный день, на неполный день, Транспортерщик, NaN, NaN
зооняня на дому, на дому, Зооняня, NaN, NaN
кузовщик подработка, Подработка, Кузовщик, NaN, NaN
суперинтендант вахта для студентов, Вахта, Суперинтендант, для студентов, NaN
агроном ночная работа с проживанием, Ночная, Агроном, NaN, с проживанием
полировщик для женщин, NaN, Полировщик, для женщин, NaN
весовщик на неполный день, на неполный день, Весовщик, NaN, NaN
дилер подработка для студентов, Подработка, Дилер, для студентов, NaN
звукорежиссер вахта для мужчин, Вахта, Звукорежиссер, для мужчин, NaN
конюх на дому, на дому, Конюх, NaN, NaN
косильщик удаленная работа для инвалидов, Удаленная, Косильщик, для инвалидов, NaN
чистильщик подработка для пенсионеров, Подработка, Чистильщик, для пенсионеров, NaN
стрелок вахта, Вахта, Стрелок, NaN, NaN
ревизор ночная работа, Ночная, Ревизор, NaN, NaN
радиотелеграфист подработка для женщин, Подработка, Радиотелеграфист, для женщин, NaN
вальщик леса на неполный день, на неполный день, Вальщик леса, NaN, NaN
чертежник вахта для мужчин, Вахта, Чертежник, для мужчин, NaN
фрезеровщик ночная работа с ежедневной оплатой, Ночная, Фрезеровщик, NaN, с ежедневной оплатой
операционист удаленная работа для инвалидов, Удаленная, Операционист, для инвалидов, NaN
микробиолог на неполный день для пенсионеров, на неполный день, Микробиолог, для пенсионеров, NaN
шлифовщик подработка, Подработка, Шлифовщик, NaN, NaN
растениевод вахта для студентов, Вахта, Растениевод, для студентов, NaN
маркшейдер ночная работа для женщин, Ночная, Маркшейдер, для женщин, NaN
крепильщик на дому, на дому, Крепильщик, NaN, NaN
почтальон удаленная работа, Удаленная, Почтальон, NaN, NaN
распространитель подработка для инвалидов, Подработка, Распространитель, для инвалидов, NaN
стивидор ночная работа с проживанием, Ночная, Стивидор, NaN, с проживанием
куратор на неполный день, на неполный день, Куратор, NaN, NaN
корреспондент вахта для женщин, Вахта, Корреспондент, для женщин, NaN
распиловщик подработка для студентов, Подработка, Распиловщик, для студентов, NaN
боевик ночная работа для пенсионеров, Ночная, Боец, для пенсионеров, NaN
транспортерщик на неполный день, на неполный день, Транспортерщик, NaN, NaN
зооняня подработка для инвалидов, Подработка, Зооняня, для инвалидов, NaN
кузовщик удаленная работа для женщин, Удаленная, Кузовщик, для женщин, NaN
суперинтендант на неполный день, на неполный день, Суперинтендант, NaN, NaN
агроном вахта для студентов, Вахта, Агроном, для студентов, NaN
полировщик подработка, Подработка, Полировщик, NaN, NaN
весовщик на дому для женщин, на дому, Весовщик, для женщин, NaN
дилер удаленная работа для пенсионеров, Удаленная, Дилер, для пенсионеров, NaN
звукорежиссер на неполный день, на неполный день, Звукорежиссер, NaN, NaN
конюх подработка для инвалидов, Подработка, Конюх, для инвалидов, NaN
косильщик вахта для женщин, Вахта, Косильщик, для женщин, NaN
чистильщик ночная работа для мужчин, Ночная, Чистильщик, для мужчин, NaN
стрелок на неполный день, на неполный день, Стрелок, NaN, NaN
ревизор вахта для пенсионеров, Вахта, Ревизор, для пенсионеров, NaN
радиотелеграфист на дому, на дому, Радиотелеграфист, NaN, NaN
вальщик леса подработка для студентов, Подработка, Вальщик леса, для студентов, NaN
чертежник вахта, Вахта, Чертежник, NaN, NaN
фрезеровщик удаленная работа для женщин, Удаленная, Фрезеровщик, для женщин, NaN
операционист ночная работа для пенсионеров, Ночная, Операционист, для пенсионеров, NaN
микробиолог подработка для инвалидов, Подработка, Микробиолог, для инвалидов, NaN
шлифовщик на неполный день, на неполный день, Шлифовщик, NaN, NaN
растениевод на дому для студентов, на дому, Растениевод, для студентов, NaN
маркшейдер вахта для инвалидов, Вахта, Маркшейдер, для инвалидов, NaN
крепильщик подработка для женщин, Подработка, Крепильщик, для женщин, NaN
почтальон удаленная работа, Удаленная, Почтальон, NaN, NaN
распространитель ночная работа для пенсионеров, Ночная, Распространитель, для пенсионеров, NaN
стивидор на неполный день для мужчин, на неполный день, Стивидор, для мужчин, NaN
куратор подработка, Подработка, Куратор, NaN, NaN
корреспондент ночная работа для женщин, Ночная, Корреспондент, для женщин, NaN
распиловщик вахта для студентов, Вахта, Распиловщик, для студентов, NaN
боевик удаленная работа, Удаленная, Боец, NaN, NaN
транспортерщик на неполный день для пенсионеров, на неполный день, Транспортерщик, для пенсионеров, NaN
зооняня подработка для женщин, Подработка, Зооняня, для женщин, NaN
кузовщик ночная работа для инвалидов, Ночная, Кузовщик, для инвалидов, NaN
суперинтендант вахта для мужчин, Вахта, Суперинтендант, для мужчин, NaN
агроном на неполный день, на неполный день, Агроном, NaN, NaN
полировщик удаленная работа для женщин, Удаленная, Полировщик, для женщин, NaN
весовщик подработка для инвалидов, Подработка, Весовщик, для инвалидов, NaN
дилер вахта для студентов, Вахта, Дилер, для студентов, NaN
звукорежиссер ночная работа с ежедневной оплатой, Ночная, Звукорежиссер, NaN, с ежедневной оплатой
конюх удаленная работа для пенсионеров, Удаленная, Конюх, для пенсионеров, NaN
косильщик на дому, на дому, Косильщик, NaN, NaN
чистильщик подработка для студентов, Подработка, Чистильщик, для студентов, NaN
